取得日,サイト名,記事タイトル,URL,reason,要約
2026-03-05 12:03:03,Hacker News,Googleworkspace/CLI,https://github.com/googleworkspace/cli,"While a CLI for Google Workspace could be useful for automation and scripting, its overall importance depends on the specific features offered and the target audience. It's relevant for IT engineers who manage Google Workspace environments.","The provided link points to a Hacker News discussion about a Google Workspace CLI tool. The discussion likely covers its features, usability, and potential benefits for automating Google Workspace tasks. The tool aims to provide command-line access to Google Workspace services."
2026-03-05 12:03:05,Hacker News,MacBook Neo,https://www.apple.com/newsroom/2026/03/say-hello-to-macbook-neo/,現時点では具体的な製品情報がないため、重要度は低い。リンク先のコメント内容次第で重要度が変動する可能性がある。,MacBook Neoに関する Hacker News のコメントへのリンクが提供されています。具体的な製品仕様や詳細な情報はリンク先を参照する必要があります。コメントの内容から、製品の実現可能性や技術的な課題、市場の反応などを推測できます。
2026-03-05 12:03:07,Hacker News,Building a new Flash,https://bill.newgrounds.com/news/post/1607118,"The discussion explores the technical challenges of replacing a legacy technology with modern web standards. While not a current project, it raises interesting points about web development, performance optimization, and the evolution of web technologies, which are relevant to IT engineers.","The Hacker News discussion revolves around the feasibility and challenges of creating a modern alternative to Adobe Flash. Users discuss potential technologies like HTML5, WebAssembly, and JavaScript, highlighting performance concerns and the complexity of replicating Flash's features. The conversation also touches on the historical context of Flash's rise and fall."
2026-03-05 12:03:11,Hacker News,Chaos and Dystopian news for the dead internet survivors,https://www.fubardaily.com,dead internet theoryは、インターネットの信頼性や情報源の検証といった、ITエンジニアが関心を持つべき問題提起を含んでいる。ボットによるトラフィックやコンテンツ生成は、システム設計、セキュリティ、データ分析に影響を与える可能性がある。,指定されたHacker Newsの記事へのリンクは、dead internet theoryに関する議論のコメント群を示している。この理論は、インターネット上の活動の多くが人間ではなくボットによって生成されているというもの。コメントの内容は、この理論の真偽、影響、そして関連する陰謀論について議論している。
2026-03-05 12:03:13,Hacker News,Dario Amodei calls OpenAI’s messaging around military deal ‘straight up lies’,https://techcrunch.com/2026/03/04/anthropic-ceo-dario-amodei-calls-openais-messaging-around-military-deal-straight-up-lies-report-says/,AI技術の軍事利用に関する倫理的懸念と、主要なAI企業の説明責任に関する議論は、業界全体に影響を与える可能性があるため重要度が高い。,Dario AmodeiがOpenAIの軍事関連取引に関するメッセージングを「完全な嘘」と批判している。Hacker Newsのコメント欄では、OpenAIの説明責任と透明性に対する懸念が表明されている。AI技術の軍事利用に関する倫理的な議論が活発化している。
2026-03-05 12:03:15,Hacker News,Something is afoot in the land of Qwen,https://simonwillison.net/2026/Mar/4/qwen/,Large language models are a significant area of research and development in AI. Understanding the capabilities and limitations of models like Qwen is crucial for IT engineers working with AI and related technologies. The Hacker News discussion provides insights into the practical aspects and community perception of the model.,"The provided content is a link to a Hacker News discussion about Qwen, likely a large language model developed by Alibaba. The discussion probably revolves around its capabilities, performance, and potential impact. Analyzing the comments would reveal specific technical details and opinions."
2026-03-05 12:03:17,Hacker News,Picking Up a Zillion Pieces of Litter,https://www.sixstepstobetterhealth.com/litter.html,"While not directly related to core IT engineering tasks, the discussion touches upon themes of community involvement, problem-solving, and the potential for small actions to have a significant impact, which can be relevant to an engineer's broader perspective and ethical considerations. The link to Hacker News suggests a tech-savvy audience.","The Hacker News discussion revolves around the experience of picking up litter and the surprisingly positive impact it has on both the environment and the individual. Users share their own experiences, discuss the psychological benefits of such activities, and debate the broader societal implications of littering and environmental responsibility."
2026-03-05 12:03:20,Hacker News,Humans 40k yrs ago developed a system of conventional signs,https://www.pnas.org/doi/10.1073/pnas.2520385123,古代のコミュニケーション手段の進化は、現代のITにおけるプロトコルや標準化の重要性を示唆する。技術的な視点からは、データのエンコード、デコード、伝送の基礎に通じる。,4万年前の人類が共通の記号体系を発達させたという記事へのコメント群。記号の起源や意味、コミュニケーション手段としての進化について議論されている。現代のITシステムにおける標準化の重要性との類似性も指摘されている。
2026-03-05 12:03:22,Hacker News,Moss is a pixel canvas where every brush is a tiny program,https://www.moss.town/,"The concept of programmable brushes is interesting from a software engineering perspective, particularly in areas like generative art, procedural content generation, and interactive design tools. It demonstrates a unique approach to pixel manipulation and user interaction.","Moss is a pixel canvas where each brush is a tiny program, allowing for complex and emergent visual patterns. Users can define custom brushes using code, enabling dynamic and generative art. The project highlights the intersection of programming and visual creativity."
2026-03-05 12:03:24,Hacker News,BMW Group to deploy humanoid robots in production in Germany for the first time,https://www.press.bmwgroup.com/global/article/detail/T0455864EN/bmw-group-to-deploy-humanoid-robots-in-production-in-germany-for-the-first-time?language=en,自動車産業におけるロボット技術の導入は、生産効率の向上、コスト削減、労働環境の改善に繋がる可能性があるため。また、技術的な課題や倫理的な問題も提起される。,BMWグループがドイツの生産現場で初めて人型ロボットを導入。これは、自動車製造における自動化の進化を示す重要な一歩。Hacker Newsのコメントでは、コスト、効率、安全性、雇用への影響など、様々な視点から議論されている。
2026-03-05 12:03:26,Hacker News,What's Driving Rising Business Costs?,https://libertystreeteconomics.newyorkfed.org/2026/03/whats-driving-rising-business-costs/,"Understanding the factors driving business costs is crucial for IT engineers as it directly impacts project budgets, technology choices, and the overall efficiency of IT operations. The discussion highlights the need for cost-effective solutions, streamlined processes, and efficient software development practices.","The linked Hacker News comments discuss the factors contributing to rising business costs, focusing on increased regulatory burdens, healthcare expenses, and the complexity of modern software development. Many commenters point to the growing overhead of compliance and administration as significant cost drivers. The discussion also touches on the inefficiencies and bloat in software projects, leading to higher development and maintenance costs."
2026-03-05 12:03:28,Hacker News,NRC Issues First Commercial Reactor Construction Approval in 10 Years [pdf],https://www.nrc.gov/sites/default/files/cdn/doc-collection-news/2026/26-028.pdf,原子力発電所の建設再開は、エネルギー政策、環境問題、技術開発に大きな影響を与えるため。特に、ITエンジニアにとっては、関連する制御システム、セキュリティ、データ管理などの分野で新たな需要が生まれる可能性がある。,米原子力規制委員会(NRC)が10年ぶりに商業用原子炉の建設を承認。これは原子力発電業界にとって重要な転換点となる。建設承認は、厳しい安全基準と環境基準を満たしていることを意味する。
2026-03-05 12:03:30,Hacker News,The View from RSS,https://www.carolinecrampton.com/the-view-from-rss/,"RSS is a relatively mature technology, but understanding its continued relevance and potential applications can be valuable for IT engineers. The importance is moderate as it's not a cutting-edge technology but a foundational one.","The provided content is a link to a Hacker News discussion about RSS. Without the actual content of the discussion, it's difficult to provide a detailed summary, but it likely involves the relevance, usage, and potential future of RSS technology."
2026-03-05 12:03:33,Hacker News,"NanoGPT Slowrun: Language Modeling with Limited Data, Infinite Compute",https://qlabs.sh/slowrun,言語モデルの学習における新しいアプローチであり、計算資源が潤沢な環境下での可能性を示唆しているため、ある程度の重要性を持つと考えられます。ただし、現時点では実験的な段階であり、実用的な応用例は限られています。,NanoGPT Slowrunは、限られたデータと無限の計算資源を用いて言語モデルを構築する実験的アプローチです。従来の高速な学習方法とは異なり、非常にゆっくりとした学習プロセスを通じて、モデルがデータから最大限の情報を抽出することを目指します。Hacker Newsのコメントでは、このアプローチの有効性や実用性について議論されています。
2026-03-05 12:03:35,Hacker News,“It turns out” (2010),https://jsomers.net/blog/it-turns-out,"The discussion reflects common challenges faced by IT engineers regarding code complexity, maintainability, and the balance between short-term gains and long-term costs. It's relevant to architectural decisions and development methodologies.","The Hacker News comments discuss the evolution of software development practices and the increasing complexity of projects. It highlights the shift from simple, understandable code to more abstracted and potentially less maintainable systems. The conversation touches on the trade-offs between rapid development and long-term maintainability."
2026-03-05 12:03:37,Hacker News,Was Windows 1.0's lack of overlapping windows a legal or a technical matter?,https://retrocomputing.stackexchange.com/questions/32511/was-windows-1-0s-lack-of-overlapping-windows-a-legal-or-a-technical-matter,初期のGUI設計における法的制約の影響を示しており、技術選定の背景にあるビジネス上の意思決定を理解する上で重要。また、ソフトウェア開発における知的財産権の重要性を強調している。,Windows 1.0がオーバーラップウィンドウを実装しなかった理由は、Appleとの契約上の制約によるもので、技術的な制約ではなかった。AppleはLisaとMacintoshのGUIの著作権を主張し、Windowsが類似のGUIを持つことを制限した。契約により、Windowsはタイル型ウィンドウを使用し、AppleのGUIを模倣しないようにする必要があった。
2026-03-05 12:03:39,Hacker News,Qwen3.5 Fine-Tuning Guide – Unsloth Documentation,https://unsloth.ai/docs/models/qwen3.5/fine-tune,"Fine-tuning large language models is a crucial skill for IT engineers, and understanding the practical aspects of using tools like Unsloth with models like Qwen3.5 is highly relevant. The comments section provides real-world insights beyond the official documentation.","The provided document discusses fine-tuning Qwen3.5 using Unsloth. The comments section likely contains user experiences, tips, and potential issues encountered during the fine-tuning process. This information is valuable for understanding practical applications and limitations of Qwen3.5 fine-tuning."
2026-03-05 12:03:42,Hacker News,An interactive map of Flock Cams,https://deflock.org/map#map=5/37.125286/-96.284180,"While interesting, the provided information is limited. The technical aspects are not detailed, making it less relevant for in-depth IT engineering analysis. The value lies more in the concept and potential applications rather than specific implementation details.","This is a link to an interactive map of flock cams, likely referring to webcams focused on bird flocks. The comments section on Hacker News provides context and discussion around the project. The project's technical details and implementation are not explicitly stated but can be inferred from the comments."
2026-03-05 12:03:44,Hacker News,A bit of fluid mechanics from scratch not from scratch,https://tsvibt.blogspot.com/2026/02/a-bit-of-fluid-mechanics-from-scratch.html,流体シミュレーションは計算負荷が高く、既存ライブラリの利用は効率的な開発に繋がるため。また、教育目的での利用は、エンジニアの育成にも貢献する可能性がある。,この記事は、流体シミュレーションをスクラッチから実装するのではなく、既存のライブラリ（Processing）を利用して行うアプローチを紹介しています。コメント欄では、実装の詳細やパフォーマンス、他のライブラリとの比較などが議論されています。特に、教育目的や可視化ツールとしての利用価値が示唆されています。
2026-03-05 12:03:46,Hacker News,Daemon (2006),https://en.wikipedia.org/wiki/Daemon_(novel),コメントの内容が技術的な詳細に深く踏み込んでいないため、ITエンジニアにとって直接的な技術的価値は低い。しかし、技術が社会に与える影響や、技術的なアイデアの実現可能性に関する議論は、ITエンジニアの視点からも興味深い。,"""Daemon (2006)""に関するHacker Newsのコメント群を分析した結果、技術的な深掘りは少ないものの、物語のプロットやアイデアに対する興味深い考察が見られた。特に、現実世界への影響や技術的な実現可能性に関する議論が散見される。全体として、技術的な詳細よりも、物語のコンセプトが中心となっている。"
2026-03-05 12:03:49,Hacker News,Glaze by Raycast,https://www.glazeapp.com/,"The title itself is vague without the context of the comments. The importance is low because it's unclear what 'Glaze' does without further information. The Hacker News link suggests some level of community interest, but the actual impact or technical details are unknown.","Glaze by Raycast is a tool or feature related to the Raycast application, likely involving visual elements or theming. The provided link leads to a discussion on Hacker News, suggesting community interest and feedback. Further analysis requires accessing and understanding the linked comments."
2026-03-05 12:03:51,Hacker News,Raspberry Pi Pico as AM Radio Transmitter,https://www.pesfandiar.com/blog/2026/02/28/pico-am-radio-transmitter,Raspberry Pi Picoの新たな活用方法を示唆しており、ソフトウェア無線や組み込みシステムの分野で応用が期待できる。ただし、実用的な通信距離や音質には課題が残る可能性がある。,Raspberry Pi PicoをAMラジオ送信機として使用する試みに関するHacker Newsの記事。PicoのGPIOピンを直接制御してAM波を生成する。ソフトウェア制御による柔軟性が魅力。
2026-03-05 12:03:53,Hacker News,Data Has Weight but Only on SSDs,https://cubiclenate.com/2026/03/04/data-has-weight-but-only-on-ssds-blathering/,SSDの寿命に関する重要な特性を指摘しており、データ管理戦略に影響を与える可能性があるため。,SSDの特性上、データの書き込み/削除頻度が高いほど寿命が短くなる。特に、小さなファイルの頻繁な書き換えは、ウェアレベリングの効率を低下させ、特定のブロックの寿命を縮める可能性がある。そのため、データ量だけでなく、データの変動頻度もSSDの寿命に影響を与える。
2026-03-05 12:03:55,Hacker News,Roboflow (YC S20) Is Hiring a Security Engineer for AI Infra,https://roboflow.com/careers,"AI infrastructure security is a critical and growing area, especially for companies like Roboflow dealing with sensitive data and models. Understanding the specific security needs of AI pipelines is valuable for IT engineers.","Roboflow, a YC S20 company, is seeking a Security Engineer to focus on AI infrastructure security. The role likely involves securing data pipelines, models, and deployment environments. The Hacker News discussion might provide insights into the specific challenges and expectations of the role."
2026-03-05 12:03:57,Hacker News,US tech firms pledge at White House to bear costs of energy for datacenters,https://www.theguardian.com/us-news/2026/mar/04/us-tech-companies-energy-cost-pledge-white-house,データセンターのエネルギー消費は環境負荷が高く、テック企業の取り組みは社会的な影響が大きい。ただし、具体的な内容が不明なため、重要度は中程度。,米国のテック企業がホワイトハウスでデータセンターのエネルギーコスト負担を約束したというニュース。Hacker Newsのコメント欄が参照されている。具体的な内容はコメント欄を参照する必要がある。
2026-03-05 12:04:00,Hacker News,Libre Solar – Open Hardware for Renewable Energy,https://libre.solar,再生可能エネルギー分野におけるオープンソースハードウェアの可能性を示唆しており、特に発展途上国やオフグリッド環境での応用が期待されるため。ITエンジニアにとっては、組み込みシステム、電力制御、ネットワーク技術などの知識が活用できる。,Libre Solarは、再生可能エネルギー向けのオープンハードウェアプロジェクトであり、特にオフグリッド環境での利用を想定している。ハードウェア設計、ソフトウェア、ドキュメントを公開し、コミュニティによる開発と改善を促進する。分散型エネルギーシステム構築のコスト削減とアクセシビリティ向上を目指している。
2026-03-05 12:04:02,Hacker News,Malm Whale in Gothenburg,https://www.atlasobscura.com/places/malm-whale,ITエンジニアにとって直接的な技術的価値は低いものの、データ収集、3Dモデリング、博物館展示技術など、間接的に関連する可能性のあるトピックが含まれているため。,ヨーテボリのマルム鯨に関するHacker Newsの記事へのリンクです。コメント欄では、この鯨の標本がどのようにして作られ、展示されるようになったのかについて議論されています。また、鯨の解剖や骨格標本の作成に関する技術的な詳細についても触れられています。
2026-03-05 12:04:04,Hacker News,MyFirst Kids Watch Hacked. Access to Camera and Microphone,https://www.kth.se/en/om/nyheter/centrala-nyheter/kth-studenten-hackade-klocka-for-barn-1.1461249,子供用デバイスのセキュリティ侵害は、プライバシー侵害、悪意のある監視、および潜在的な身体的危険につながる可能性があるため、非常に重要です。IoTデバイス全体のセキュリティ対策の必要性を示唆しています。,子供用スマートウォッチがハッキングされ、カメラとマイクへのアクセスが可能になったという報告。Hacker Newsのコメント欄では、セキュリティの脆弱性やプライバシー侵害のリスクについて議論されている。IoTデバイスのセキュリティ対策の重要性が改めて浮き彫りになった。
2026-03-05 12:04:07,Hacker News,Flip Distance of Convex Triangulations and Tree Rotation Is NP-Complete,https://arxiv.org/abs/2602.22874,NP完全性の証明は、その問題が効率的に解けない可能性を示唆し、近似アルゴリズムやヒューリスティックな解法を検討する必要性を示唆するため、理論計算機科学において重要。,凸多角形の三角形分割におけるフリップ距離と木の回転がNP完全であることが示された研究。これは、特定のグラフ変換問題の計算複雑性に関する重要な結果。アルゴリズム設計や計算幾何学の分野に影響を与える可能性がある。
2026-03-05 12:04:09,Hacker News,Making Firefox's right-click not suck with about:config,https://joshua.hu/firefox-making-right-click-not-suck,Firefoxのカスタマイズに関する情報であり、特定のユーザーにとっては有用だが、一般的なITエンジニアにとって必須の知識ではないため。パフォーマンス改善のテクニックは参考になる。,Firefoxの右クリックメニューの使い勝手を`about:config`で改善する方法を紹介。特に、コンテキストメニューの表示速度を向上させる設定変更に焦点を当てている。ユーザーは、不要なメニュー項目を非表示にしたり、遅延時間を調整することで、より快適なブラウジング体験を得られる。
2026-03-08 20:26:00,Hacker News,SWE-CI: Evaluating Agent Capabilities in Maintaining Codebases via CI,https://arxiv.org/abs/2603.03823,ソフトウェア開発におけるAIエージェントの活用は、生産性向上に繋がる可能性がある。SWE-CIは、その能力を客観的に評価する上で重要な役割を果たすため、業界に一定の影響を与える可能性がある。,SWE-CIは、CI環境下でのエージェントのコードベース保守能力を評価するフレームワークである。エージェントがプルリクエストの作成、テストの実行、コードの修正などを自動で行えるかを評価する。これにより、AIエージェントのソフトウェア開発への応用可能性を検証できる。
2026-03-08 20:26:01,Hacker News,Notes on Writing WASM,https://notes.brooklynzelenka.com/Blog/Notes-on-Writing-Wasm,WASMに関する一般的な議論であり、特定の技術的な進歩やブレークスルーを示しているわけではないため、重要度は中程度。WASMに興味がある開発者にとっては参考になる可能性がある。,WASMに関する記述についての議論スレッド。WASMの低レベルな性質、手書きのWASMの難しさ、および高レベル言語からのコンパイルの利点について考察されている。特定の技術的な詳細や具体的な解決策は提示されていない。
2026-03-08 20:26:03,Hacker News,Rijksmuseum researchers discover new painting by Rembrandt van Rijn,https://www.rijksmuseum.nl/en/press/press-releases/rijksmuseum-researchers-discover-new-painting-by-rembrandt-van-rijn,美術史における重要な発見だが、ITエンジニアリングの分野には直接的な影響を与えないため、重要度は低い。,アムステルダム国立美術館の研究者が、レンブラント・ファン・レインの新たな絵画を発見。この発見は、レンブラントの芸術的技法や歴史的背景に関する理解を深める可能性がある。ただし、ITエンジニアリングの分野には直接的な関連性はない。
2026-03-08 20:26:05,Hacker News,"Show HN: Curiosity – DIY 6"" Newtonian Reflector Telescope",https://curiosity-telescope.vercel.app/,DIYプロジェクトとしての面白さや、光学系の知識を深めるきっかけになる可能性があるが、ITエンジニアの業務に直接的な影響を与えるものではないため。,自作の6インチニュートン式反射望遠鏡に関する記事。DIYプロジェクトとして、望遠鏡の製作過程や設計に関する情報を提供。天文学や光学に興味のあるエンジニアにとって、趣味のプロジェクトの参考になる可能性がある。
2026-03-08 20:26:07,Hacker News,Cloud VM benchmarks 2026,https://devblog.ecuadors.net/cloud-vm-benchmarks-2026-performance-price-1i1m.html,クラウドVMのベンチマークは、インフラ選定や最適化において一定の重要性を持つ。しかし、具体的なデータや詳細な分析がないため、重要度は中程度とした。,"2026年のクラウドVMベンチマークに関する議論。具体的なベンチマーク結果は不明だが、クラウドVMの性能評価に関する話題。
クラウドプロバイダーの性能比較や最適化に関心のあるエンジニアにとって参考になる可能性がある。"
2026-03-09 21:57:12,Hacker News,"US Court of Appeals: TOS may be updated by email, use can imply consent [pdf]",https://cdn.ca9.uscourts.gov/datastore/memoranda/2026/03/03/25-403.pdf,ITエンジニアにとって、直接的な技術要素は少ないものの、法的側面からソフトウェア開発や利用規約の運用に影響を与える可能性がある。ただし、生成AIや主要ツールの新機能といった最優先事項ではないため、重要度は低い。,米国の控訴裁判所が、利用規約の更新はメールで通知可能であり、利用は同意を意味するという判決を下した。これは、ソフトウェアの利用規約変更におけるユーザーの同意に関する重要な判例となる可能性がある。エンジニアとしては、利用規約の変更通知方法と同意取得方法が法的に認められる範囲を理解する必要がある。
2026-03-09 21:57:14,Hacker News,Fontcrafter: Turn Your Handwriting into a Real Font,https://arcade.pirillo.com/fontcrafter.html,個人の手書きフォント作成はニッチなニーズであり、実用的な生成AIの活用や主要ツールの新機能とは直接関係がないため、優先度は低い。,手書き文字をフォントに変換するツール「Fontcrafter」の紹介。ユーザが手書き文字をアップロードし、それをフォントとして利用可能にする。古いツールだが、手書きフォント作成のニーズは存在。
2026-03-09 21:57:16,Hacker News,"Ireland shuts last coal plant, becomes 15th coal-free country in Europe (2025)",https://www.pv-magazine.com/2025/06/20/ireland-coal-free-ends-coal-power-generation-moneypoint/,IT・ソフトウェアエンジニアリングに直接関係ない一般ニュースであるため、優先度は低い。ただし、エネルギー政策の動向は、データセンターの立地や運用に間接的な影響を与える可能性がある。,アイルランドが最後の石炭火力発電所を閉鎖し、ヨーロッパで15番目の石炭フリーの国になるというニュース。ITエンジニアにとって直接的な関連性は低いが、エネルギー政策とインフラの変化は間接的にデータセンターの電力供給などに影響する可能性がある。
2026-03-09 21:57:18,Hacker News,Unlocking Python's Cores:Energy Implications of Removing the GIL,https://arxiv.org/abs/2603.04782,GIL削除はPythonの性能向上に繋がる可能性があるが、エネルギー消費への影響は直接的な実用性に乏しい。インフラ/ハードウェアの性能比較に近く、興味はあるものの優先度は低い。,PythonのGIL（Global Interpreter Lock）を削除することによるエネルギー消費への影響を議論する記事。マルチコア環境での並列処理性能向上と、それに伴う電力効率の変化に着目。具体的な実装やベンチマークは示されていない。
2026-03-09 21:57:20,Hacker News,Agent Safehouse – macOS-native sandboxing for local agents,https://agent-safehouse.dev/,ローカルエージェントのセキュリティは重要だが、生成AIや主要ツールの新機能に直接関係しないため、優先度は中程度。macOSに特化している点も汎用性に欠ける。,macOSネイティブなローカルエージェント向けサンドボックス環境「Agent Safehouse」の紹介。セキュリティを強化し、エージェントの安全な実行を可能にする。Hacker Newsのコメントも参照可能。
2026-03-09 21:59:16,Hacker News,We Stopped Using the Mathematics That Works,https://gfrm.in/posts/why-decision-theory-lost/index.html,ITエンジニアの関心領域である生成AIや主要ツールの新機能とは無関係。数学の利用停止という抽象的な議論であり、具体的な技術的示唆に乏しい。,数学の利用停止に関する議論。具体的な内容が不明であり、ITエンジニアにとって直接的な関連性は低い。コメントへのリンクのみで、技術的な詳細や実用的な情報が不足している。
2026-03-09 21:59:19,Hacker News,Microscopes can see video on a laserdisc,https://www.youtube.com/watch?v=qZuR-772cks,IT・ソフトウェアに直接関係ない科学ニュースであり、実用的な生成AIの活用や主要ツールの新機能とは無関係のため。,レーザーディスクのビデオ信号を顕微鏡で可視化するという実験。光学技術の応用例だが、現代のITエンジニアリングへの直接的な関連性は低い。過去の技術デモンストレーションに関する話題。
2026-03-09 21:59:20,Hacker News,Show HN: VS Code Agent Kanban: Task Management for the AI-Assisted Developer,https://www.appsoftware.com/blog/introducing-vs-code-agent-kanban-task-management-for-the-ai-assisted-developer,VS Code拡張機能として、AIアシスト開発を支援するタスク管理ツールは、開発者の生産性向上に繋がる可能性がある。しかし、主要AIの新機能やAPIアップデートではないため、興味ありレベル。,VS Code Agent Kanbanは、AIアシスト開発者向けのタスク管理ツール。VS Code内でKanbanボードを提供し、AIによるタスクの自動化や効率化を支援する。Show HNで発表された。
2026-03-09 21:59:22,Hacker News,PCB devboard the size of a USB-C plug,https://github.com/Dieu-de-l-elec/AngstromIO-devboard,小型開発ボードは興味深いものの、生成AIや主要ツールの新機能といった関心事項からは外れる。具体的なスペックや用途が不明な点も評価を下げる。,USB-Cプラグサイズの小型PCB開発ボードに関する記事。Hacker Newsのコメントへのリンクが提供されている。具体的な機能や用途は不明。
2026-03-09 21:59:24,Hacker News,Ask HN: What Are You Working On? (March 2026),https://news.ycombinator.com/item?id=47303111,個々のプロジェクトは多岐に渡るため、具体的なAI活用や新技術に繋がるかは不明。しかし、トレンドや技術者の関心を知る手がかりにはなる。,Hacker Newsの定番企画。2026年3月版「今何してる？」。様々なエンジニアが個人的なプロジェクトや仕事について語るスレッド。
2026-03-09 21:59:26,Hacker News,Segagaga Has Been Translated into English,https://www.thedreamcastjunkyard.co.uk/2026/02/segagaga-has-finally-been-translated.html,ゲーム翻訳はソフトウェア開発の一種だが、AI活用や最新技術トレンドとの関連が薄いため。技術評論家としての優先度は低い。,セガガガの英語版翻訳に関するニュース。ゲームのローカライズはソフトウェア開発の一分野であり、技術的な側面も含む。しかし、直接的なAIや最新技術の活用とは関連性が低い。過去のゲームの翻訳であるため、優先度は低い。
2026-03-09 21:59:28,Hacker News,Every single board computer I tested in 2025,https://bret.dk/every-single-board-computer-i-tested-in-2025/,シングルボードコンピュータの性能比較は、特定の開発プロジェクトにおけるハードウェア選定の参考になる可能性がある。ただし、具体的なAI関連技術や最新のAPIアップデートに関する情報ではないため、優先度はやや低い。,2025年にテストされたシングルボードコンピュータのレビュー記事。様々なボードの性能比較や使用感が議論されている。開発者が特定の用途に最適なボードを選択する際に役立つ情報が含まれている可能性がある。
2026-03-09 21:59:30,Hacker News,FrameBook,https://fb.edoo.gg,特定のフレームワークに関する議論のプラットフォームであり、一般的なソフトウェアエンジニアリングの知識向上には役立つ可能性があるが、生成AIや主要ツールの新機能といった関心事項とは直接関係がないため、重要度は低い。,FrameBookは、特定のフレームワークやライブラリに関する議論や意見交換を行うためのプラットフォームである。開発者が直面する課題や解決策、ベストプラクティスなどを共有し、知識の向上や問題解決に役立つ情報を提供する。特定の技術に特化したコミュニティを形成し、開発者間の連携を促進する。
2026-03-09 21:59:32,Hacker News,My Homelab Setup,https://bryananthonio.com/blog/my-homelab-setup/,ホームラボの構築は、特定の開発者にとって有用な情報源となり得る。ただし、生成AIや主要ツールの新機能といった関心事からはやや離れるため、重要度は中程度。,個人のホームラボ環境の構築に関する議論。ハードウェア構成、ソフトウェア、ネットワーク設定など、様々な構成例や構築のTipsが共有されている。具体的な製品名や設定例も含まれる。
2026-03-09 21:59:35,Hacker News,Linux Internals: How /proc/self/mem writes to unwritable memory (2021),https://offlinemark.com/an-obscure-quirk-of-proc/,Linuxカーネルの内部構造に関する技術的な記事であり、興味深い内容ではあるが、現在の私の主な関心事項である「実用的な生成AIの活用」や「主要ツールの新機能」とは直接的な関連性が低いため、重要度は中程度と判断しました。,/proc/self/mem を使用して、通常は書き込み不可能なメモリ領域に書き込む方法に関するLinuxカーネルの内部構造に関する解説。セキュリティやデバッグの観点から興味深いものの、生成AIや主要ツールの新機能とは直接関係しない。2021年の記事であり、最新の技術動向からはやや古い。
2026-03-09 21:59:36,Hacker News,Artificial-life: A simple (300 lines of code) reproduction of Computational Life,https://github.com/Rabrg/artificial-life,計算生命のシミュレーションは興味深いものの、実用的な生成AIの活用や主要ツールの新機能とは直接関係がないため、優先度は低い。論文段階の技術に近いため減点。,計算生命を300行のコードで再現する試み。Hacker Newsのコメント付き。実用的なAI活用とは異なる。計算モデルの簡素な実装例。
2026-03-09 21:59:38,Hacker News,We should revisit literate programming in the agent era,https://silly.business/blog/we-should-revisit-literate-programming-in-the-agent-era/,リテラシープログラミングは、AIエージェント開発におけるコードの可読性向上に役立つ可能性がある。しかし、主要なAIモデルの新機能やAPIアップデートほど直接的なインパクトはないため、重要度は中程度。,エージェント時代におけるリテラシープログラミングの再評価を促す記事。リテラシープログラミングの概念をAIエージェント開発に適用し、コードの可読性、保守性、説明可能性を高めることを提案。過去の議論へのリンクも提供し、現代的な視点での再検討を促している。
2026-03-09 21:59:40,Hacker News,I made a programming language with M&Ms,https://mufeedvh.com/posts/i-made-a-programming-language-with-mnms/,ITエンジニアにとって実用的な情報はなく、ジョークの域を出ないため、重要度は低い。ソフトウェア開発やAI活用に直接関係しない。,M&Mチョコレートを使ってプログラミング言語を作成したというジョーク記事。カラフルなM&Mを命令に見立て、視覚的に表現している。実用性は皆無だが、プログラミングの概念を面白く伝える試み。
2026-03-09 21:59:42,Hacker News,Why can't you tune your guitar? (2019),https://www.ethanhein.com/wp/2019/why-cant-you-tune-your-guitar/,ITエンジニアにとって直接的な関連性が低く、生成AIや主要ツールの新機能に関する情報ではないため。,ギターのチューニングがうまくいかない理由についての議論。物理的な問題、楽器の品質、チューニング方法の誤りなどが考えられる。ソフトウェアエンジニアリングとは直接関係がない。
2026-03-09 21:59:44,Hacker News,I love email (2023),https://blog.xoria.org/email/,ITエンジニアにとって一般的な話題であり、生成AIや主要ツールの新機能とは直接関係がないため、優先度は低い。,電子メールの有用性に関する記事。スレッドではメールの利点（非同期性、分散性）と課題（スパム、情報過多）が議論されている。現代的なコミュニケーションツールと比較しつつ、メールの独自性と継続的な価値を主張。
2026-03-09 21:59:46,Hacker News,Living human brain cells play DOOM on a CL1 [video],https://www.youtube.com/watch?v=yRV8fSw6HaE,ITエンジニアにとって、直接的な実用性や応用が少ないため。エンターテイメント性が高いものの、ソフトウェア開発やAIの分野への関連性は薄い。,生きた人間の脳細胞を使ってDOOMをプレイさせる実験の紹介。細胞培養基盤上で電気信号を送り、DOOMの操作を学習させる試み。技術的には興味深いが、実用的なソフトウェア開発への応用は不明。
2026-03-09 21:59:48,Hacker News,My “grand vision” for Rust,https://blog.yoshuawuyts.com/a-grand-vision-for-rust/,Rustは重要なプログラミング言語だが、記事の内容が不明確であり、生成AIや主要ツールの新機能に関する情報が含まれている可能性が低いため、興味ありレベルに留める。,Rustの将来に関するビジョンについての議論。具体的な内容は不明だが、言語設計やコミュニティに関する意見交換が行われていると推測される。実用的な生成AI活用とは直接関係がない。
2026-03-09 21:59:53,Hacker News,How the Sriracha guys screwed over their supplier,https://old.reddit.com/r/KitchenConfidential/comments/1ro61g2/how_the_sriracha_guys_screwed_over_their_supplier/,食品業界のサプライチェーンに関する話題であり、ITエンジニアリングや生成AIの活用とは直接関係がないため、重要度は低い。,スリラチャソースの製造元がサプライヤーをどのように不利な立場に追い込んだかについての議論。契約上の問題やビジネス倫理に関するコメントが含まれる。ITエンジニアにとって直接的な技術的価値は低い。
2026-03-09 21:59:55,Hacker News,Nvidia backs AI data center startup Nscale as it hits $14.6B valuation,https://www.cnbc.com/2026/03/09/nscale-ai-data-center-nvidia-raise.html,NvidiaによるAIデータセンターへの投資は、AIインフラの動向を知る上で重要。ただし、具体的な技術や活用事例が不明なため、現時点では「興味あり」レベル。,NvidiaがAIデータセンターのスタートアップNscaleを支援し、企業評価額が146億ドルに達した。Nvidiaが出資することで、NscaleのAIインフラストラクチャ構築が加速される可能性がある。Nscaleは、Nvidiaの最新技術を活用し、高性能なAI計算能力を提供すると思われる。
2026-03-09 21:59:57,Hacker News,"Show HN: Mcp2cli – One CLI for every API, 96-99% fewer tokens than native MCP",https://github.com/knowsuchagency/mcp2cli,特定のAPIを効率的に操作するCLIツールは、開発効率向上に繋がる可能性がある。トークン削減はコスト面でメリットがあるが、MCP自体の利用頻度や対象APIの汎用性によって重要度が変動するため、保留(5-6点)とする。,MCP (Managed Compute Platform) APIをCLIから操作するためのツール。ネイティブMCPと比較してトークン数を大幅に削減し、API操作を効率化。Show HNで公開され、議論を呼んでいる。
2026-03-09 21:59:59,Hacker News,Ask HN: How to be alone?,https://news.ycombinator.com/item?id=47296547,ITエンジニアの関心事項である生成AIや主要ツールの新機能とは無関係な、一般的なQ&Aスレッドであるため。,Hacker NewsのAsk HNスレッドで「孤独であること」への対処法が議論されている。コメントでは、孤独を受け入れる、趣味を見つける、他人との繋がりを築くなど、様々なアドバイスが共有されている。技術的な内容とは無関係。
2026-03-09 22:00:00,Hacker News,Z80 Sans – a disassembler in a font (2024),https://github.com/nevesnunes/z80-sans,特定のCPUアーキテクチャに特化したツールであり、生成AIや主要ツールの新機能とは関連性が低いため、優先度は低い。,Z80命令をフォントとして表現する逆アセンブラ。特定の命令セットを視覚的に表現する試み。実用的なAI活用とは直接関係薄い。
2026-03-09 22:00:03,Hacker News,The death of social media is the renaissance of RSS (2025),https://www.smartlab.at/rss-revival-life-after-social-media/,ソーシャルメディアの動向は間接的にITエンジニアにも影響する可能性があるが、直接的な技術的要素やAI活用に関する記述がないため、優先度は低い。RSS自体は枯れた技術であり、目新しい情報はない。,ソーシャルメディアの衰退とRSSの復興に関する議論。ソーシャルメディアのアルゴリズムによる情報統制への不満から、RSSのような分散型でユーザー主導の情報収集手段への回帰を予測。ただし、技術的な詳細や具体的なAI活用には触れられていない。
2026-03-09 22:00:04,Hacker News,WSL Manager,https://github.com/bostrot/wsl2-distro-manager,WSLは開発者にとって有用なツールだが、このタイトルだけでは具体的な情報が不足しており、実用的な生成AIの活用や主要ツールの新機能といった関心事との関連性が薄いため。,WSL (Windows Subsystem for Linux) のマネージャーに関する議論。具体的な機能や新機能に関する記述はない。WSL自体の情報も不足しているため、詳細不明。
2026-03-09 22:00:06,Hacker News,The legendary Mojave Phone Booth is back (2013),https://dailydot.com/mojave-phone-booth-back-number,ITエンジニアの関心領域（実用的な生成AI活用、主要ツールの新機能）から大きく外れるため、重要度は最低レベル。,伝説的なモハーベ砂漠の電話ボックスが復活したというニュース（2013年）。Hacker Newsのコメントへのリンク。ITエンジニアにとって直接的な技術的価値は低い。
